timeStamp,elapsed,label,responseCode,responseMessage,threadName,dataType,success,failureMessage,bytes,sentBytes,grpThreads,allThreads,URL,Latency,IdleTime,Connect
1691056423057,3621,S01_FL_Launch,200,"Number of samples in transaction : 2, number of failing samples : 0",S01_FloodIO 1-1,,true,,6785,1839,1,1,null,0,125,956
1691056423154,2776,S01_FL_Launch-3,200,OK,S01_FloodIO 1-1,text,true,,3562,710,1,1,https://training.flooded.io:443/,680,0,393
1691056423154,681,S01_FL_Launch-3-0,301,Moved Permanently,S01_FloodIO 1-1,text,true,,339,353,1,1,http://training.flooded.io/,680,0,393
1691056423842,2088,S01_FL_Launch-3-1,200,OK,S01_FloodIO 1-1,text,true,,3223,357,1,1,https://training.flooded.io:443/,2084,0,1781
1691056425946,845,S01_FL_Launch-4,200,OK,S01_FloodIO 1-1,text,true,,3223,1129,1,1,https://training.flooded.io/,844,0,563
1691056434477,582,S01_FL_Start,200,"Number of samples in transaction : 1, number of failing samples : 0",S01_FloodIO 1-1,,true,,3554,2815,1,1,null,0,976,0
1691056434479,582,S01_FL_Start-0,200,OK,S01_FloodIO 1-1,text,true,,3554,2815,1,1,https://training.flooded.io/step/2,293,0,0
1691056434479,293,S01_FL_Start-0-0,302,Found,S01_FloodIO 1-1,text,true,,1133,1548,1,1,https://training.flooded.io/start,293,0,0
1691056434774,287,S01_FL_Start-0-1,200,OK,S01_FloodIO 1-1,text,true,,2421,1267,1,1,https://training.flooded.io/step/2,287,0,0
1691056442839,617,S01_FL_Step_2,200,"Number of samples in transaction : 1, number of failing samples : 0",S01_FloodIO 1-1,,true,,4162,2849,1,1,null,0,528,0
1691056442840,617,S01_FL_Step_2-0,200,OK,S01_FloodIO 1-1,text,true,,4162,2849,1,1,https://training.flooded.io/step/3,292,0,0
1691056442840,292,S01_FL_Step_2-0-0,302,Found,S01_FloodIO 1-1,text,true,,1133,1576,1,1,https://training.flooded.io/start,292,0,0
1691056443134,323,S01_FL_Step_2-0-1,200,OK,S01_FloodIO 1-1,text,true,,3029,1273,1,1,https://training.flooded.io/step/3,322,0,0
1691056449591,577,S01_FL_Step_3,200,"Number of samples in transaction : 1, number of failing samples : 0",S01_FloodIO 1-1,,true,,3175,3004,1,1,null,0,8,0
1691056449593,577,S01_FL_Step_3-0,200,OK,S01_FloodIO 1-1,text,true,,3175,3004,1,1,https://training.flooded.io/step/4,293,0,0
1691056449593,293,S01_FL_Step_3-0-0,302,Found,S01_FloodIO 1-1,text,true,,1133,1731,1,1,https://training.flooded.io/start,293,0,0
1691056449887,283,S01_FL_Step_3-0-1,200,OK,S01_FloodIO 1-1,text,true,,2042,1273,1,1,https://training.flooded.io/step/4,282,0,0
1691056455380,1140,S01_FL_Step_4,200,"Number of samples in transaction : 3, number of failing samples : 0",S01_FloodIO 1-1,,true,,6523,5447,1,1,null,0,8,0
1691056455381,586,S01_FL_Step_4-0,200,OK,S01_FloodIO 1-1,text,true,,3287,3180,1,1,https://training.flooded.io/step/5,295,0,0
1691056455381,295,S01_FL_Step_4-0-0,302,Found,S01_FloodIO 1-1,text,true,,1133,1907,1,1,https://training.flooded.io/start,295,0,0
1691056455677,290,S01_FL_Step_4-0-1,200,OK,S01_FloodIO 1-1,text,true,,2154,1273,1,1,https://training.flooded.io/step/5,290,0,0
1691056455970,280,S01_FL_Step_4-1,200,OK,S01_FloodIO 1-1,text,true,,2158,1187,1,1,https://training.flooded.io/step/5,279,0,0
1691056456252,274,S01_FL_Step_4-2,200,OK,S01_FloodIO 1-1,text,true,,1078,1080,1,1,https://training.flooded.io/code,274,0,0
1691056463328,1839,S01_FL_Step_5,200,"Number of samples in transaction : 1, number of failing samples : 0",S01_FloodIO 1-1,,true,,3087,2866,1,1,null,0,3,0
1691056463329,1839,S01_FL_Step_5-0,200,OK,S01_FloodIO 1-1,text,true,,3087,2866,1,1,https://training.flooded.io/done,1553,0,0
1691056463329,1553,S01_FL_Step_5-0-0,302,Found,S01_FloodIO 1-1,text,true,,1128,1595,1,1,https://training.flooded.io/start,1553,0,0
1691056464884,284,S01_FL_Step_5-0-1,200,OK,S01_FloodIO 1-1,text,true,,1959,1271,1,1,https://training.flooded.io/done,284,0,0
1691056472072,304,S01_FL_StartAgain,200,"Number of samples in transaction : 1, number of failing samples : 0",S01_FloodIO 1-1,,true,,3221,1124,1,1,null,0,3,0
1691056472074,304,S01_FL_StartAgain-0,200,OK,S01_FloodIO 1-1,text,true,,3221,1124,1,1,https://training.flooded.io/,303,0,0
1691056479376,13,Debug Sampler,200,OK,S01_FloodIO 1-1,text,true,,10408,0,1,1,null,0,0,0
